{
  "evaluator_model": "gpt-5",
  "evaluated_count": 12,
  "binary_match_count": 4,
  "binary_match_rate": 0.3333333333333333,
  "strong_match_count": 2,
  "strong_match_rate": 0.16666666666666666,
  "average_match_score_0_to_4": 2.3333333333333335
}